iter	RMSE
0	3.622182897
1	3.169410035
2	2.7623452
3	2.41705205
4	2.114920544
5	1.850555476
6	1.619236041
7	1.416831536
8	1.239727594
9	1.084761645
